{"count":1,"gauges":{},"self":15.650903999999999,"total":18.0742861,"children":{"AgentSendState":{"count":798,"self":0.0443307,"total":0.0492385,"children":{"CollectObservations":{"count":320,"self":0.0049077999999999995,"total":0.0049077999999999995,"children":null},"CollectDiscreteActionMasks":{"count":320,"self":0,"total":0,"children":null}}},"DecideAction":{"count":798,"self":2.3372935999999997,"total":2.3372935,"children":null},"AgentAct":{"count":798,"self":0.0328585,"total":0.0328585,"children":null}}}