{"count":1,"gauges":{},"self":23.2882608,"total":24.6382874,"children":{"AgentSendState":{"count":1199,"self":0.02393,"total":0.0299136,"children":{"CollectObservations":{"count":480,"self":0.0059835999999999995,"total":0.0059835999999999995,"children":null},"CollectDiscreteActionMasks":{"count":480,"self":0,"total":0,"children":null}}},"DecideAction":{"count":1199,"self":1.30416,"total":1.30416,"children":null},"AgentAct":{"count":1199,"self":0.014955699999999999,"total":0.014955699999999999,"children":null}}}