{"count":1,"gauges":{"RollerBallBrain.CumulativeReward":{"count":166,"max":1,"min":0,"value":1,"weightedAverage":0.9999999}},"self":30.586259199999997,"total":31.709279,"children":{"AgentSendState":{"count":1555,"self":0.0189463,"total":0.023932,"children":{"CollectObservations":{"count":936,"self":0.0039889999999999995,"total":0.0039889999999999995,"children":null},"CollectDiscreteActionMasks":{"count":936,"self":0.00099669999999999989,"total":0.00099669999999999989,"children":null}}},"DecideAction":{"count":1555,"self":1.0651823999999999,"total":1.0651823999999999,"children":null},"AgentAct":{"count":1555,"self":0.032907,"total":0.032907,"children":null}}}