{"count":1,"gauges":{"RollerBallBrain.CumulativeReward":{"count":176,"max":1,"min":1,"value":1,"weightedAverage":1}},"self":33.3637728,"total":34.2656369,"children":{"AgentSendState":{"count":1694,"self":0.028918899999999997,"total":0.0388911,"children":{"CollectObservations":{"count":1020,"self":0.0059844,"total":0.0059844,"children":null},"CollectDiscreteActionMasks":{"count":1020,"self":0.0039878,"total":0.0039878,"children":null}}},"DecideAction":{"count":1694,"self":0.8240839,"total":0.8240839,"children":null},"AgentAct":{"count":1694,"self":0.037891999999999995,"total":0.037891999999999995,"children":null}}}